0,"Beauty is knowing you Kat... 
Congratulations #KatrinaKaif on your new beauty brand #KaybyKatrina.
Love.
a. https://t.co/CFSHWFZNky"
1,"In this 150th birth anniversary of Baapu, let us remind ourselves of what he stood for. Let us revisit his writings, his thoughts, his books and his life. (English)

https://t.co/rSEHoApyFL"
2,"In this 150th birth anniversary of baapu, let us remind ourselves of what he stood for. Let us revisit his writings, his thoughts, his books and his life.
https://t.co/F8VikdzWty"
3,.@KomalNahta https://t.co/X6134AmBWx
4,"Hey guys, 
What an awesome trailer.
Check it out.
https://t.co/1qgDPcCPiX"
5,"RT @swachhbharat: The journey of 130 crore people in creating the world's largest behaviour change Jan Andolan, with one powerful war cry -‚Ä¶"
6,"RT @DrHarish139: #WorldMentalHealthWeek2019
  40% of #suicide victims r #Indians

#screening of families &amp; women periodically for #depressi‚Ä¶"
7,"RT @DrHarish139: #WorldMentalHealthWeek2019 : 1/6 who died due to #suicide were #dailywageearners  (N.C.R.B : India 2015). 

If #healthwork‚Ä¶"
8,"#worldmentalhealthweek2019 Sudden, lose of job or money can cause intense fear &amp; shame.Unmute Ur feelings &amp; unlock Ur mind.Let shame, fear &amp; sadness find compassionate ears in close friends &amp; family.Healing begins when feelings r tabled.Intense pain, seek help.
STAY ALIVE!"
9,"RT @DrHarish139: #WorldMentalHealthWeek2019
 1/10 Indians r mentally ill. 150 million need urgent treatment.

6000 psychiatrists r not enou‚Ä¶"
10,"RT @DrHarish139: #worldmentalhealthweek2019 : Break-ups r inevitable at times. Love may have birth growth &amp; death. It's not about, ' I am n‚Ä¶"
11,#WorldMentalHealthWeek2019 https://t.co/iwZo5KMHie
12,"Hey guys,  
Happy to announce a book project on the great music composer Vanraj Bhatia, to be written by Khalid Mohamed, at the initiative of my friend Dalip Tahil."
13,A little light. A lot of magic. @Vivo_India https://t.co/p98Y1PDnfS
14,"Dear Kareena,  wishing you many happy returns of this day. May you always be happy and smiling.  
Love. 
a."
15,"Just saw the trailer of Syeraa! HUGE scale! 
I am a big fan of Chiranjeevi Garu, and I can't wait to see the film! 
All the very best to Chiranjeevi Sir,  Ram Charan,  and the entire team! 

https://t.co/aRpS28uVws

Love.  
a.

#SyeRaaTrailer #Chiranjeevi #RamCharan"
16,"I really liked this trailer. Cant wait to see the movie. Looks like Shonali has made another fantastic film. I am sure Priyanka, Farhan and Zaira's performances in the film will wow us. Sid, wishing you the best for your first independent film! 
Love. 
a.
https://t.co/6cA4ZU755P"
17,"RT @DrHarish139: #WORLDSUICIDEPREVENTIONDAY  

SINGLE THOUGHT OF #SELFHARM SHLD BE SCREENED BY A #MENTALHEALTHPROFESSIONAL

RED FLAGS

 I w‚Ä¶"
18,"RT @mybmc: #Mumbaikars , if stranded in the #MumbaiRains please follow this thread, for a list of shelters, you could make home till the wa‚Ä¶"
19,"Michhami Dukkadam üôè.

If I have ever, knowing or unknowingly, caused anyone any pain or hurt,  I seek forgiveness from you with a bowed head and folded hands.  
Please forgive me üôè
Love.  
a."
20,The initiative by the Hon'ble PM @narendramodi to curb 'single use plastic' is an effort all of us should strongly support. It's up to each of us to make sure we stop using 'single use plastic'.
21,"Congratulations @Pvsindhu1 you make us so proud! 
Respect. 
a."
22,#HappyJanmashtami https://t.co/qrR6zue9Id
23,Wishing everyone a very happy Janmashtami ! https://t.co/olvKh38dn2
24,"Hey guys, AKP's latest production and one of our most cherished, #RubaruRoshni, directed by Svati Chakravarty Bhatkal, is now available on Netflix. 

https://t.co/a8vYeTeKxI

Love.
a."
25,"Wishing everyone a very happy Independence Day and a very happy Raksha Bandhan.  
Love.  
a."
26,".@niteshtiwari22 ji, really liked your trailer which you showed me. Wishing you all the very best for the film. May it receive all the love of our audience, and may it bring joy to all of us. Very keen to see it myself. 
#ChhichhoreTrailer :  https://t.co/qe9MNe8BYB

Love. 
a."
27,"One of my favourite scenes...

https://t.co/nP8F8zqFHH"
28,''Raftaar ke avtaar...'' https://t.co/HnJ7EK5bjn
29,.@imVkohli @BCCI  #TeamIndia https://t.co/a9mCqYKSGo
30,"Hey guys, now that the monsoon has started showing its might, you might want to follow @mybmc for updates on all that we need to know during the showers! #MumbaiRains #AskMyBMC"
31,"I have known Keya to be a very exciting writer who has a flair for drama.  I wish her all the very best for her new book 'House Of Stars', and I look forward to reading it. https://t.co/qeZQvD3uTl"
32,".@narendramodi Sir, the initiative taken up by you of making water the fundamental and primary issue for all of us is an extremely important step.  Our wholehearted support is with you.
#JanShakti4JalShakti
@JalShaktiAbhyan https://t.co/pNjmKZ66Vb"
33,"@ramsaysthetruth @AshGowariker Thanks Ram.  Thank you everyone.  
Love. a."
34,"Thank you @AshGowariker, and thanks to everyone who has been a part of Lagaan.  What a memorable and beautiful journey.  
And what better than today to see this :

https://t.co/flVxbjO2Iy https://t.co/UmQDcnqNq5"
35,@lodhi_krishna Thank you Krishna. Thank you everyone for your warm wishes üôè
36,Happy Birthday to the most beautiful woman on earth!!! https://t.co/W6G7dIcziY
37,Go for it India!!! Best of luck Virat and team! Make this Eid an even more mubarak Eid for all of us :-)
38,"I wonder how he managed to charm Rani... I never did ! 
Happy Birthday Junsie üòò https://t.co/z6kY7m1okz"
39,"Here is the final episode of Toofan Aalaya that captures the energy of Water Cup 2019 in the last week. A big thank you to everyone who has been a part of this struggle against drought. 

https://t.co/NeLAEMDhcr

Love
a.

@paanifoundation #ToofanAalaya #WaterCup2019 https://t.co/43FVu5RpFw"
40,"Wishing Mangesh Hadawale,  Sanjay Leela Bansali,  Mahaveer Jain,  Meezaan Jaffrey,  Sharmin Segal and the entire team of Malaal all the very best ! 

https://t.co/z2P2vpzLQb

Love.
a. https://t.co/m5LRwgcNGY"
41,"Dear @MajDPSingh, your post gave me goosebumps. 
We salute your courage, strength and grit in the face of adversity.  
Love and respect to you, Sir.
a. https://t.co/TYL8qurl1v"
42,"I'm very sad to hear about Veeruji passing away.I had the pleasure &amp; privilege of working with Veeruji.He was an amazing person to work with, extremely professional &amp; one of the best in his field. 
My heartfelt condolences to Ajay &amp; everyone in the family.  
Love and respect.
a."
43,"Hey guys, here is the 7th episode of Toofan Aalaya. Please watch.
https://t.co/KPxnhQ2U2A

Love
a
#PaaniFoundation #WaterCup2019 #ToofanAalaya @paanifoundation"
44,"Just saw a lovely play called 'A Farming Story', written by Vineet Bhalla and directed by Faezeh Jalali.  Try and catch it, there is another show tomorrow at 12pm at Prithvi. https://t.co/qlHEAXMoV3"
45,All of Amma's near and dear ones .... almost all... :-) https://t.co/8tRAu5Q8nm
46,"Azad, me, K, Amma and Appa. https://t.co/bLFGiK5QWb"
47,"Happy 75th Amma! 
Lots of love. 
a. https://t.co/mtN7Cm5xeM"
48,"Wow! I want to watch this. 
By the way,  how come there are no credits. I want to know the names of the crew members.
https://t.co/5YHWB1PaJS"
49,With chinese superstar #DengChao https://t.co/pgjEBrPI05
50,"Hey guys, here is the 6th episode of Toofan Aalaya. Please watch https://t.co/P0NjFlfyrT

Love
a

#ToofanAalaya #WaterCup2019 @paanifoundation"
51,"Dear @SunnyLeone,  wishing you a very happy birthday. Hope you had a great day.  Wishing you a great year ahead, and many happy returns of this very special day.  
Love. 
a."
52,"Ammi and me. 
Best Mom in the world! https://t.co/dgMM8bzMqU"
53,"My parents, Faisal and me :-) https://t.co/Y72Bc4Sgbl"
54,"My mom,  dad and Nikhat,  my elder sister... happy Mother's Day Ammi! 
üòò https://t.co/5VWUoLPJxi"
55,"Happy 21st Ira!!! 
Can't believe you got there so fast! You will always remain 6 for me! 
Love you. 
Papa. https://t.co/F91nUJjFbd"
56,"Hey guys,
Episode 5 of Toofan Alaya is all about the spirit that drove thousands of urban Jalmitras to do shramadaan.

Check it out : https://t.co/SGeao3fBIW

Love,
a

#ToofanAalaya @paanifoundation"
57,"My 1st Ad for Walkaroo. Check it out. I really enjoyed playing the flashes of different characters in it. Bob has done a great job of directing it. 
Hope you like it.
Love. 
a.
@vkcwalkaroo https://t.co/mkNBeM6b6R"
58,"Happy Mahashramdaan!

#mejalmitra #paanifoundation @paanifoundation https://t.co/K8qqxUYThd"
59,"Happy Maharashtra Day! 

#mejalmitra #paanifoundation @paanifoundation https://t.co/WKX9hZnqba"
60,"Happy Labour Day! 

#mejalmitra
#paanifoundation @paanifoundation https://t.co/zKzQnvJ5OV"
61,"At Zhawadarjun village yesterday. Stopped for the best ganney-ka-juice on the way there.

#MeJalmitra @paanifoundation https://t.co/eaOy1DqKnn"
62,"Thanks @MadhuriDixit for stepping in for me.  I made one request she was up for it.  Too sweet  
Please watch. 
Love. 
a.

https://t.co/ariLhGyWYA

@paanifoundation #WaterCup2019 #ToofanAalaya"
63,"Hey @sachin_rt, wishing you a very happy birthday. May this happy and special day return again and again! 
Lots of love.  
a. https://t.co/9bpKw0USju"
64,"RT @ECISVEEP: Straight from the mouth of Mr. Perfectionist!
@aamir_khan, #ECI National Icon makes a passionate appeal to all Indians to #Go‚Ä¶"
65,"Fight drought! Make a measurable impact! To donate, visit https://t.co/lm37Xlw07o.

@paanifoundation #WaterCup2019 #ToofanAalaya https://t.co/6wF5sfT8u4"
66,@paanifoundation #watercup2019 #toofanaalaya
67,"Hey guys, last date for registration is 23rd April.  

Click now on https://t.co/SATf06MU9l

Love. 
a. https://t.co/1lDQEAbDln"
68,"Hey guys, here is the second episode of Toofan Aalaya. Please watch.
@paanifoundation #WaterCup2019 #ToofanAalaya
Love
a
https://t.co/NiGLDaZjcm"
69,Thanks @ajinkyarahane88 for your support  and wishes. Love. a https://t.co/0gLp3MBrET
70,"Hey guys,
Please watch the first episode of Kiran &amp; my TV show, Toofan Aalaya. 
Tell me what you think ? 

https://t.co/OYIDzBBRhp

@paanifoundation #WaterCup2019 #ToofanAalaya season 3"
71,"Ran into one of my favourite actors, Superstar Chiranjeevi Garu at Kyoto airport! What a pleasant surprise :-) . 
Discussed his new project about freedom fighter Uyyalawada Narasimha Reddy. You are always such an inspiration sir üôè. 
Love. 
a. https://t.co/qpwqo9sRqt"
72,"‡§∞‡•á‡§∂‡§Æ‡§æ‡§ö‡•Ä ‡§ó‡•Å‡§¢‡•Ä ‡§∏‡§ú‡§≤‡•Ä, ‡§®‡§µ‡•Ä‡§® ‡§µ‡§∞‡•ç‡§∑‡§æ‡§ö‡•ç‡§Ø‡§æ ‡§∏‡§£‡§æ‡§≤‡§æ ‡§∏‡•Å‡§∞‡§µ‡§æ‡§§ ‡§ù‡§æ‡§≤‡•Ä.
‡§∏‡§∞‡•ç‡§µ‡§æ‡§Ç‡§®‡§æ  ‡§®‡§µ‡§µ‡§∞‡•ç‡§∑‡§æ‡§ö‡•ç‡§Ø‡§æ ‡§Ü‡§£‡§ø ‡§ó‡•Å‡§¢‡•Ä‡§™‡§æ‡§°‡§µ‡•ç‡§Ø‡§æ‡§ö‡•ç‡§Ø‡§æ ‡§π‡§æ‡§∞‡•ç‡§¶‡§ø‡§ï ‡§∂‡•Å‡§≠‡•á‡§ö‡•ç‡§õ‡§æ.

‡§™‡§π‡§æ '‡§§‡•Å‡§´‡§æ‡§® ‡§Ü‡§≤‡§Ç‡§Ø‡§æ' ‡§Ü‡§ú ‡§∏‡§æ‡§Ø‡§Ç‡§ï‡§æ‡§≥‡•Ä ‡•´:‡•©‡•¶ ‡§µ‡§æ. ‡§Ü‡§£‡§ø ‡§∞‡§æ‡§§‡•ç‡§∞‡•Ä ‡•Ø:‡•©‡•¶ ‡§µ‡§æ. ‡§´‡§ï‡•ç‡§§ @zeemarathi ‡§µ‡§∞. https://t.co/wG1uqMbmUO"
73,#VivoV15 @Vivo_India https://t.co/EPeM4qAQpY
74,"Hey guys,check out my new series of ads.
@PhonePe_ https://t.co/VgOKoPuVZg"
75,The cutest in the world... mazi baiko ‚ù§ https://t.co/1azLWw0jSF
76,Coming Soon...aapke phone pe... https://t.co/0yoTvs2ji5
77,"Thanks @avigowariker
You always shoot me well. And this time I have my hand on the focus... so no stress ;-) https://t.co/tGPfgv1cwh"
78,"Thanks Sachin! 
Aata kya khandala ? 
Love. 
a. https://t.co/wkfE5VViho"
79,"Remembering my uncle,  Nasir Husain, Chachajaan for me,  my guru. Today is his death anniversary. It's been 17 years since we lost him. https://t.co/5DCcnIg3Jn"
80,"Absolutely right sir, Hon PM. Let us all engage as citizens of the biggest democracy in the world. Let us fulfill our responsibility, and avail of our right to get our voice heard. 
Vote! https://t.co/24vWPQHXQy"
81,".@TSeries @itsBhushanKumar 
https://t.co/Etw9pjNhZj https://t.co/yrQvsS9K0r"
82,Hey guys check out my new ad. #GoPop #V15Pro @Vivo_India https://t.co/gNyc9MGBAi
83,Imli and me https://t.co/1mMYsDKW5A
84,I am heartbroken to read about the terrorist attack on our CRPF Jawans in Pulwama. It's so tragic. My heartfelt condolences to the families of the Jawans who have lost their lives.
85,I wholeheartedly support the initiative taken by @SriSri for a #drugfreeindia. A great movement by @ArtofLiving . https://t.co/0ZqoozFZUV
86,"Aaila! Amar aur Prem do legends ke saath! Aur woh bhi Wembley Stadium mein!!! Oui ma!!!
Thank you for the pic Sir @SrBachchan https://t.co/kaARBDIum2"
87,"Happy Republic Day! 

20 mts to go...  then we will be Rubaru...

#RubaruRoshni"
88,"Thank you @SriSri Guruji. Your words of encouragement mean the world to us.  
Thank you üôè. 
Love and respect. 
a. https://t.co/Se4cRXaUzJ"
89,"Always bringing joy and laughter into our lives, thank you @SriSri Guruji for your love, warmth and wisdom.  What a pleasure it was to spend time with you.  
üôè
Love. 
a. https://t.co/iqhoRzEq7G"
90,Thanks @avigowariker üôè https://t.co/NM9KtJPDjP
91,Thank you @HarshdeepKaur üôè https://t.co/EmdpfgsLk1
92,Thank @ShujaatSaudagar üôè https://t.co/AsjlzNVUfO
93,"Thank you @SunnyLeone üôè. Thank you for coming,  and thank you for your kind words. https://t.co/dV75z5BR7S"
94,"‡§∂‡•Å‡§ï‡•ç‡§∞‡§ø‡§Ø‡§æ ‡§™‡§Ç‡§ï‡§ú‡§ú‡•Ä üôèüèª ‡§∏‡•ç‡§µ‡§æ‡§§‡•Ä‡§ú‡•Ä, ‡§ï‡§ø‡§∞‡§£‡§ú‡•Ä ‡§î‡§∞ ‡§Æ‡•Å‡§ù‡•á ‡§á‡§§‡§®‡•Ä ‡§ñ‡•Å‡§∂‡•Ä ‡§π‡•Å‡§à ‡§ï‡•á ‡§´‡§º‡§ø‡§≤‡•ç‡§Æ ‡§ï‡§æ ‡§á‡§§‡§®‡§æ ‡§ó‡•á‡§π‡§∞‡§æ ‡§Ö‡§∏‡§∞ ‡§π‡•Å‡§Ü ‡§Ü‡§™ ‡§™‡§∞. ‡§ß‡§®‡•ç‡§Ø‡§µ‡§æ‡§¶. https://t.co/pZGUKNFEXI"
95,"Thanks @ipritamofficial, so glad that you liked the film so much. https://t.co/8JGmDFTJnv"
96,Thank you @eyehinakhan. Your words humble me üôè https://t.co/VvD4RQarPv
97,Thanks @rahuldholakia üôè https://t.co/XHFThPpFJ5
98,Thank you so much @rs_prasanna. I'm so glad you liked it so much. https://t.co/M8WzgqpTfW
99,Thanks @JDMajethia. So touched with your response üôèüèª https://t.co/ycckBhFIhB
100,"Thanks @karanjohar, I am so glad you liked the film so much.  So touched with your response üôè https://t.co/5PiprI7e5c"
101,"Thanks @rajkumar_rkg,  thank you for your kind words. https://t.co/mUWfXRT7dM"
102,Thank you sir üôè https://t.co/EaI1B8DUH6
103,"Thanks @TusshKapoor, so touched with your response üôè https://t.co/7B9rXMGS7i"
104,Thanks @RonitBoseRoy üôè https://t.co/IRQzFvknaA
105,"Thank you @ParineetiChopra,  I am so glad you liked it so much. https://t.co/IlqbnvuOHa"
106,"#RubaruRoshni, 26th Jan, Saturday at 11am on @StarPlus https://t.co/fLNSuAVu8Z"
107,Gehri soch :-) https://t.co/WT3M7NakWy
108,https://t.co/bmq0D3Fncz
109,"My heartfelt condolences to the family of Mr Ramakant Achrekar, to Sachin,  and to all those close to him. We will always remember him with great fondness and respect for his contribution to Indian cricket.
May his soul rest in peace.  
a."
110,https://t.co/wkacN2k6aS
111,"Hey guys, our next film from AKP is premiering on @StarPlus, on 26th Jan at 11am. It's something that Kiran and I have produced, and which we are very close to. 
#RubaruRoshni. Directed by @content_rules
Don't miss it. 
Love. 
a. https://t.co/TVNEiXWehL"
112,"Hey Salman, 
Many happy returns of the day. May this year be your best ever.  
Love, 
a. 
@BeingSalmanKhan"
113,"Wishing everyone a Merry Christmas! 
Love. a"
114,"Heartfelt thank you to Honorable PM &amp; the Govt of India for considering the request of the film industry for reduction in GST.  If Indian cinema hopes to compete in the world market then we need the support of the Govt &amp; Administration.
This is a great 1st step in that direction."
115,"Thoroughly enjoyed shooting this! Was an absolute pleasure to work with Suresh Triveni and of course @TripathiiPankaj. Big thank you to Aatish and JD for helping me out with the accent!

#SachMein @starindia https://t.co/OhCAOR9UWg"
116,"I'm very saddened to hear of the devastation caused by Cyclone Gaja in Tamil Nadu. Let us all come together to help our brothers and sisters there who are suffering. Let us try and contribute in any way that we can. 
a."
117,And Obelix is refused the magic potion by Getafix!!! https://t.co/e8F4TwrUIZ
118,"Obelix waits in line for the magic potion,  while Asterix is drinking his dose. https://t.co/VwLGhyG7ZT"
119,"Obelix,  Dogmatix,  Asterix and Getafix the druid! https://t.co/kljq3Q4l6F"
120,https://t.co/Gk1Dur2Efn
121,"https://t.co/q4hdROc2if

#ThugsOfHindostan | @yrf | @TOHTheFilm | @SrBachchan | #KatrinaKaif | @fattysanashaikh"
122,"https://t.co/hf6aYlL1wQ

#ThugsOfHindostan | @yrf | @TOHTheFilm | @SrBachchan | #KatrinaKaif | @fattysanashaikh"
123,https://t.co/aTLBXekScI
124,"https://t.co/HYbpbz61u6

#ThugsOfHindostan | @yrf | @TOHTheFilm | @SrBachchan | #KatrinaKaif | @fattysanashaikh https://t.co/UvpnbWVzfE"
125,"https://t.co/35ZSWYkNq0

#ThugsOfHindostan | @yrf | @TOHTheFilm | @SrBachchan | #KatrinaKaif | @fattysanashaikh"
126,"Absolutely superb trailer!

https://t.co/3SA1y18uZ6

@iamsrk | @AnushkaSharma | #KatrinaKaif"
127,"Guys, I know what I am doing tonight at 9!
https://t.co/0TRFTF6YYr"
128,"Happy Birthday Shah! Health and happiness always!  
Love. 
a.
@iamsrk https://t.co/E53eQvq974"
129,"Guys, I just saw the trailer of Zero. Just one word... OUTSTANDING!!! Congratulations @aanandlrai ! #Katrina is fantastic! @AnushkaSharma is unbelievable! 
@iamsrk, you have outdone yourself! 
Can't wait to to watch the film! 
Love. 
a."
130,"I'm such a huge fan of Ajay-Atul. Have been wanting to work with them for the longest time. Finally, it happened! And Amitabh Bhattacharya is an absolute delight.  
Thank you guys for some great tracks! 
Love.  
a.

https://t.co/d3GoxrvDtt

@AjayAtulOnline | @OfficialAMITABH"
131,"Hey guys, check this out.  Looks very intriguing to me.  
Love.  
a.
https://t.co/jFGpTwQ9I4"
132,"Hey guys, you can watch the repeat telecast of the #SatyamevJayate episode on alternate sexualities, on Sunday 4th Nov at 11am as part of the #KhulKeBaat series on @StarPlus https://t.co/GTatFvbSCM"
133,"Shooting in Poda Nui was such a great experience. What a beautiful location! 
The snakes were great company too :)

https://t.co/qdWCyNGxGZ

#ThugsOfHindostan | @yrf | @TOHTheFilm | @SrBachchan | #KatrinaKaif | @fattysanashaikh"
134,"https://t.co/5xyEsPcvNq

#ThugsOfHindostan | @yrf | @TOHTheFilm | @SrBachchan | #KatrinaKaif | @fattysanashaikh"
135,"What an exciting day I have had! Just finished shooting for KBC with Mr.Bachchan. Had so much fun. Sir, sorry for all my requests! Couldnt control myself!
@SrBachchan https://t.co/6r3ebz3S9F"
136,"#ExperienceChange with @DatsunIndia‚Äôs redi-GO

https://t.co/SoYVPPqMXi"
137,"Meri jaan to le chuki hai... Suraiya.

https://t.co/OlBeRfkFbY

#ThugsOfHindostan
#katrinakaif | @TOHTheFilm"
138,"Here is the full audio version of Vashmalle...which by the way means celebrate.

https://t.co/DQEdiEu0RY

#ThugsOfHindostan | @yrf | @TOHTheFilm | @SrBachchan | #KatrinaKaif | @fattysanashaikh"
139,https://t.co/DvkffkAzLP
140,"Just imagine...not only do I get to act with Mr.Bachchan, dance with Mr.Bachchan, but also fight with Mr.Bachchan. Meri toh Diwali!

https://t.co/6882sow9Pj

#ThugsOfHindostan | @yrf | @TOHTheFilm | @SrBachchan | #KatrinaKaif | @fattysanashaikh"
141,"The ships of Thugs of Hindostan are one of the superstars of the film. Watch :)

https://t.co/GHSY6do4cN

#ThugsOfHindostan | @yrf | @TOHTheFilm | @SrBachchan | #KatrinaKaif | @fattysanashaikh"
142,"Wishing everyone a very happy Dussehra!
Love,
a"
143,"Diwali pe milenge.
Love,
a

https://t.co/aJS7pTLHfR

#ThugsOfHindostan | @yrf | @TOHTheFilm | @SrBachchan | #KatrinaKaif | @fattysanashaikh"
144,"Vashmalle was a dream song for me! Had a ball :)

https://t.co/nJFEv51M6c

#ThugsOfHindostan | @yrf | @TOHTheFilm | @SrBachchan | #KatrinaKaif | @fattysanashaikh"
145,"And here is the next one...
#ExperienceChange @DatsunIndia
https://t.co/yrm4XVnpOY"
146,"Was so excited to do a song with Mr Bachchan, that for the 1st time in my career I have enjoyed dancing!!! Had a ball :-)

https://t.co/Rd8g5rp8yN

#ThugsOfHindostan | @yrf | @TOHTheFilm | @SrBachchan | #KatrinaKaif | @fattysanashaikh"
147,"Hey guys, here is our second poster. 
Love,
a.

https://t.co/bxC6saOchq

#ThugsOfHindostan | @yrf | @TOHTheFilm | @SrBachchan | #KatrinaKaif | @fattysanashaikh"
148,"Hey Guys,  
Checkout my new ad.
#ExperienceChange with Datsun. 
Love, 
a.
https://t.co/Iv3Vzky5Z5"
149,https://t.co/NidpxviA95
150,"My Photographer friend @avigowariker is part of this year‚Äôs  annual #ProudFathersForDaughters at Mehboob Studios tomorrow &amp; day after. It‚Äôs a great initiative where India‚Äôs best known photographers take Father/Daughter portraits for @NanhiKali 
Register https://t.co/BnvpP1XmgU https://t.co/eupPZtm1KG"
151,"If Raj Kapoor was an institution in film making,  Krishnaji was an institution in living life. 
A very sad loss to all of us.  
My love and warmth to Randhirji,  Rishiji, Chimpuji,  Reema, Rituji and everyone in the family.  
We love you Krishnaji."
152,"@myhardikpandya Hey Hardik,  shubh ratri :-)"
153,"Waise,  aap ka swabhav to shaqq, din-raat mehnat,  aur satarkta hai. Bharosa to hum aap pe karte hain. Respect.  üôè https://t.co/Jd3FiSHSuG"
154,"Sorry sir,  that was meant as a a reply to the Mumbai Police post."
155,"Waise aap ka swabhav to shaqq hai, din-raat mehnat, aur satarkta hai. Bharosa to hum aap pe karte hain! Respect üôè https://t.co/4xMBnnyZ6N"
156,https://t.co/jsy7AOFxyH
157,"For those who haven't yet, #unlocktheamazing #vivov11pro 
https://t.co/iLcO2wvJWD"
158,"Thank you Kamal Sir. Really appreciate your warm gesture. 
Love and respect. 
a. https://t.co/9DesNKb67M"
159,"Thank you for doing the honours, 
Sir üôè.
Love and respect.
a. https://t.co/1pj4FJxnhp"
160,"Here come the Thugs! Its a big day for all of us. Missing Yash ji. Wish he was here with us. 
I hope that TOH will make your Diwali a fun and enjoyable ride! #ThugsOfHindostanTrailer 

https://t.co/amNBe4iFy5

@yrf @TOHTheFilm @SrBachchan #KatrinaKaif @fattysanashaikh https://t.co/HJYXGAbBe6"
161,"My first attempt at Telugu. Hope you like it.
Love.
a

https://t.co/hmyOHqQfNu

#ThugsOfHindostan | @yrf | @TOHTheFilm | @SrBachchan | #KatrinaKaif | @fattysanashaikh"
162,"My first attempt at Tamil. Hope you like it.
Love. 
a

https://t.co/jZiMKcft4C

#ThugsOfHindostan | @yrf | @TOHTheFilm | @SrBachchan | #KatrinaKaif | @fattysanashaikh"
163,"To see myself on a poster with Mr.Bachchan is a dream come true for me. I still cant believe it.

https://t.co/vuzOaT1V18

#ThugsOfHindostan | @yrf | @TOHTheFilm | @SrBachchan | #KatrinaKaif | @fattysanashaikh"
164,"‡§î‡§∞ ‡§á ‡§π‡•à‡§Å ‡§π‡§Æ, ‡§´‡§ø‡§∞‡§Ç‡§ó‡•Ä ‡§Æ‡§≤‡•ç‡§≤‡§æ‡§π.
‡§π‡§Æ ‡§∏‡•á ‡§ú‡•ç‡§Ø‡§æ‡§¶‡§æ ‡§®‡•á‡§ï  ‡§á‡§®‡•ç‡§∏‡§æ‡§® ‡§á‡§∏ ‡§ß‡§∞‡§§‡•Ä ‡§™‡•á ‡§ï‡§π‡•Ä‡§Ç ‡§®‡§π‡•Ä‡§Ç ‡§Æ‡§ø‡§≤‡•á‡§ó‡§æ ‡§Ü‡§™‡§ï‡•ã.
‡§∏‡§ö‡•ç‡§ö‡§æ‡§à ‡§§‡•ã ‡§π‡§Æ‡§∞‡§æ ‡§¶‡•Ç‡§∏‡§∞‡§æ ‡§®‡§æ‡§Æ ‡§π‡•à, ‡§î‡§∞ ‡§≠‡§∞‡•ã‡§∏‡§æ ‡§π‡§Æ‡§∞‡§æ ‡§ï‡§æ‡§Æ. 
‡§¶‡§æ‡§¶‡•Ä ‡§ï‡§∏‡§Æ !!!

https://t.co/GyIsrM2rNp

#ThugsOfHindostan | @yrf | @TOHtheFilm | @SrBachchan | @fattysanashaikh | #KatrinaKaif"
165,"‡§∏‡•Å‡§∞‡•à‡§Ø‡§æ ‡§ú‡§æ‡§®.... ‡§∏‡§¨‡§∏‡•á ‡§ñ‡•Ç‡§¨‡§∏‡•Ç‡§∞‡§§ ‡§†‡§ó ! ‡§ß‡•Ç‡§Æ ‡•© ‡§ï‡•á ‡§µ‡§ï‡§º‡•ç‡§§ ‡§∏‡•á ‡§Æ‡•á‡§∞‡§æ ‡§¶‡§ø‡§≤ ‡§á‡§®‡§™‡•á ‡§Ü‡§Ø‡§æ ‡§π‡•Å‡§Ü ‡§π‡•à... ‡§™‡§∞ ‡§ï‡§π‡§®‡•á ‡§ï‡•Ä ‡§π‡§ø‡§Æ‡•ç‡§Æ‡§§ ‡§ï‡§≠‡•Ä ‡§®‡§π‡•Ä‡§Ç ‡§π‡•Å‡§à. ‡§ï‡•ã‡§à ‡§Ö‡§ó‡§∞ ‡§á‡§®‡•ç‡§π‡•á‡§Ç ‡§Ø‡•á ‡§¨‡§§‡§æ ‡§¶‡•á ‡§§‡•ã ‡§¨‡§°‡§º‡•Ä ‡§Æ‡•á‡§π‡•á‡§∞‡§¨‡§æ‡§®‡•Ä ‡§π‡•ã‡§ó‡•Ä ;-)

#ThugsOfHindostan | @yrf | @TOHtheFilm | @SrBachchan | @fattysanashaikh | #KatrinaKaif https://t.co/wCEgwWUb2P"
166,"John Clive..not to be confused with Robert Clive..as you can see he is one of the most gentle and kind souls. Loving, caring non violent, and generous. My idol! #JohnClive #ThugsOfHindostan | @yrf | @TOHtheFilm @SrBachchan @fattysanashaikh #KatrinaKaif 
https://t.co/GBS9XgveEQ"
167,"The warrior thug! Iskey nishane se bach ke raho!!!
@fattysanashaikh as #Zafira @yrf | @TOHTheFilm | @SrBachchan | #KatrinaKaif
https://t.co/3d4yoob2FO"
168,"The biggest thug of all !!!
Love, 
a.
@SrBachchan as #Khudabaksh in #ThugsOfHindostan
@yrf | @TOHTheFilm | #KatrinaKaif | @fattysanashaikh 

https://t.co/gfsCJWv5hK"
169,"The thugs are coming. 
love, 
a.
 #ThugsOfHindostan releasing on 8th November.
@yrf | @TOHTheFilm | @SrBachchan  | @fattysanashaikh | #KatrinaKaif

https://t.co/kczxjmvtWQ"
170,@Prof_Malhotra Thank you Prof Deepak üôè
171,"We thank the Supreme Court for its decision to strike down article 377. It is a historic day for people who believe in equal rights for all. The judiciary has done it‚Äôs duty, and now we must do ours. 

https://t.co/zzxc4kfNxS"
172,"Wah! Kaun hai bhai iss group ka principal? Whoever made this video, lots of love to you..
https://t.co/9fq8pSpH3z"
173,"Wishing everyone a very happy Janmashtami. 
love, 
a."
174,"Good luck Komal. @KomalNahta
love,
a. 

https://t.co/Ij6AiMoYrG"
175,"Wishing everyone a very Happy Raksha Bandhan.
Love 
a. https://t.co/bfsCDZ2S1y"
176,https://t.co/p8xZkIxA7F
177,"Wishing everyone a very happy Eid. 
Eid Mubarak ! 
Love. 
a."
178,"Congratulations Vinesh for winning the Gold in the Asian Games. We are all so proud of you. 
Love, Aamir and the team of Dangal. 
Mhaari chhoriyan chhoron se kam hai ke!"
179,"Memories...
https://t.co/VffEfZyLeX"
180,"Wishing everyone a very happy Independence Day! 
https://t.co/4iQeUsbweK
Love. 
a."
181,"Loved the trailer Sanya !!! Your first film after Dangal !! Good luck and all the very best ! 
Love. 
a.
https://t.co/WmW874ns0l"
182,"And none of this would have been possible without our wonderful team! A big thank you to all our trainers, Taluka coordinators, district and zonal teams, production teams,  our directors, our extremely supportive funders...and the favourite member of our team Shri @Dev_Fadnavis https://t.co/eq956uKcqu"
183,Congratulations to Takewadi from Maan Taluka for winning the 1st prize in the SMJ Water Cup. Your work is truly inspirational! And congratulations to all the participating villages across Maharashtra... in the Water Cup everybody wins against drought. https://t.co/2RmjmgmDeT
184,"Thank you all for coming together for water, and giving all of us at @paanifoundation so much confidence and inspiration to carry on this beautiful journey. @CMOMaharashtra @AjitPawarSpeaks @RamShindeMLA @AshokChavanINC @RVikhePatil @RajThackeray https://t.co/VkFj5OFiLL"
185,"Dearest Dada, your physical presence will be missed, but you are with me everyday. 
Love you.
a. https://t.co/DYol8dL3m8"
186,"Loved Sanju! Very moving story of a father and son, and of two friends. Ranbir is outstanding and Vicky Kaushal blew my mind! Thank you Raju for yet another film which entertain and enriches. 
Love. 
a."
187,Eid Mubarak :-)
188,"Hi Salman, I haven‚Äôt seen it yet, but I am sure that me and my family are going to love Race 3 ! 
Love you personally and professionally :-) . 
I loved the trailer! It‚Äôs going to be a blockbuster and break all records! 
Love.
a.
@BeingSalmanKhan"
189,"Dear Kamal Sir, congratulations to you and to the entire team of Vishwaroop 2 ! Wishing you all the very best. 
Love and respect always. 
Aamir.
#Vishwaroop2Trailer @ikamalhaasan 
https://t.co/KvxJc8xheF"
190,https://t.co/uUc0ubM8Pg
191,"Have always been a huge Rajni fan, can‚Äôt wait to watch Kaala.
https://t.co/JgxBA8UcTa"
192,"All the very best Harsh! May your hard work pay off and may you get all the success you deserve! Good luck ! 
Love. 
a. 
https://t.co/DAZHvB82Jn"
193,Celebrating Mansoor's 60th. https://t.co/BGdSXUiBNl
194,"Hey guys! I will be LIVE tomorrow at 9pm on the Facebook page of @paanifoundation . Hope to see you there! 
love, 
a."
195,"To all mothers.....‚ù§
love, 
a. 
https://t.co/49TNArs6RD"
196,"Celebrating Maharashtra Day with my new jalmitra Alia :-)
@aliaa08 
@paanifoundation 
@satyamevjayate https://t.co/7n4lKcspMc"
197,"Feels just like yesterday....can't believe it's been 30 years. 
Love, 
a. https://t.co/drWymVucjJ"
198,"Hey guys, come join us. Last day for registering is midnight on 25th April. 
Love, 
a.
#Jalmitra @paanifoundation https://t.co/83VOqB6qCK"
199,@juniorbachchan
200,Tune in right now !#iifaawards2019 catch the show of all shows on Colors TV at 8pm ! @WizAndreTimmins
201,"What about the war within?
There is no war within .
But then the look in his eyes gives it all away
.
.

K.A.B.I.R
#DecodingKabir https://t.co/FO9GDyc6GD"
202,"He is ok with others judging him. He stands by himself. 
He stands tall. 
Yet he nods a greet, cause he still has compassion for the ones judging him.
.

Kabir‚Äôs thoughts when he sees Nafisa.
.
K.A.B.I.R

#DecodingKabir https://t.co/jQsmaRIHld"
203,Happy birthday @hegdepooja keep shining ! Have a wonderful year ü§ó
204,"‚ÄòBeyond this place of wrath and tears , looms but the horror of the shade,
And yet the menace of the years, finds, and shall find me unafraid.‚Äô
.
He had heard these lines somewhere. It stuck with him .
.
.
K.A.B.I.R 

#DecodingKabir https://t.co/aUOMNeTs5i"
205,"@jesse_lever @HrithikRules Jesse, thanks man. Kids were watching k3g just yesterday . They laughed the most in your scene ! U were amazing in it üëç"
206,Hahaha! Ayushmann üòÇ amazing you are . Congrats to the entire team üëç https://t.co/EoRYlCS7a0
207,"Dear Amit uncle , I wish you a wonderful day and an even more wonderful year ahead . You are more amazing with each passing year. Thank you for inspiring me . Lots of love @SrBachchan"
208,"Behind the scenes - The other side of K.A.B.I.R. https://t.co/Jo043suawS 

#DecodingKabir"
209,"You‚Äôll keep beating him down
N yet there he sits, on his throne.
He owns this space 
This is his party 
And you were actually invited.
Now beat him again . Go on 
I dare you .
.
K.A.B.I.R 

#DecodingKabir https://t.co/AZuABX1EtY"
210,"He looks at her searching within,that lost feeling, he is not himself. He feels it, yet denies it. It surprises him. Something fills him yet he feels empty too.
Staring at impending doom, he yearns to be torn again .
Yet he doesn‚Äôt ma...https://t.co/5DImTpnlfD 

#DecodingKabir https://t.co/h6vvwPMvOY"
211,"If he looks at you do not make eye contact.
Just stay safe.
.
K.A.B.I.R

#DecodingKabir https://t.co/kGJX8H7dIM"
212,"#TeamTiger or #TeamHrithik, there‚Äôs one thing that unites you - #WAR! Book your tickets on @bookmyshow today for an exciting offer - https://t.co/WNnSlrL1KB
@iTIGERSHROFF @Vaaniofficial #SiddharthAnand #HrithikVsTiger @yrf https://t.co/jPmvLJXK9O"
213,Book your #WAR tickets on @paytm TODAY and avail a special day offer -¬†https://t.co/vfXPacPddT @iTIGERSHROFF @Vaaniofficial #SiddharthAnand #HrithikVsTiger @yrf https://t.co/IhyS3PguBJ
214,"There is a child in him who‚Äôs angry.
A rebel in him who‚Äôs calm.
There is the ultimate lover in him who doesn‚Äôt believe in love.
There is a saint in him who‚Äôs cocky. 
And there is the man in him who can‚Äôt find himself. 
And somewhere some...https://t.co/wSxsSOVfO3

#DecodingKabir https://t.co/UMmDCQE6BE"
215,"He loves it.

Staring at the giant like a bigger giant.
He knows the giant knows he‚Äôs not a giant.
But he also knows that the giant is not really sure.

K.A.B.I.R.

#DecodingKabir https://t.co/Qz8Q7qxdFv"
216,@HRFCPune I feel blessed to receive your love. Thanks guys :)
217,An infinite loop of setting targets and crushing them. Look how far we‚Äôve come with HRX . So much further to go. This TEAM is  inspired and unstoppable. #KeepGoing https://t.co/Cd13iIYNch
218,@MichaelHrithik1 Hope you enjoyed the 4DX experience! :)
219,@HrfcKolkata Too much fun. Thank you all ü§ó
220,"@hrfcdelhi @iTIGERSHROFF @yrf @HrfcKolkata @Vaaniofficial Looking great guys, thank you :)"
221,"@HrfcMp @HrithikRules @lavi @HRFC_Bihar @yrf @Koimoi @HRFCMumbai Kya baat hai, thank you üôèüèª"
222,@JuniorHrithik1 Thank you üôèüèª
223,@MohammedWasem1 Hope you had fun :)
224,@MohammedWasem1 Thanks for the love - for me and hrx :)
225,@hrfc_gujarat This looks like a lot of fun guys. Thank you for the love :)
226,"All the best Sushant ! This is an extremely endearing video . Keep going ! 
https://t.co/81oaANg5eh"
227,"@HRFC_Bihar How sweet. My love to all of you, and a big hug to the little ones. Thank you ‚ò∫"
228,@HrfcNagpur @iTIGERSHROFF I hope I can come soon too :)
229,@HRFCKerala @War_TheFilm @HrithikRules @HrfcKolkata @HRFCMumbai @HRFC_Odisha You guys are my strength! Thank you for your unconditional love ‚ù§
230,@HrfcTamilnadu @War_TheFilm @iTIGERSHROFF @HrithikSundar_C @yrf Thank you üôèüèª love to you of you
231,@HrfcKolhapur @HrithikRules @yrf @War_TheFilm @iTIGERSHROFF @Vaaniofficial Insanely sweet. Thank you ‚ò∫
232,@HRFC_Odisha @yrf Thanks for the love guys ! ‚ù§Ô∏è
233,"Haha I like that hashtag. Yes , I‚Äôm figuring a way around it :) love to you .. https://t.co/jz0hhis21W"
234,@JuliSingh_ Hmm:) I‚Äôm gonna see if I can do this.  Ok üëå
235,He is going to lead us all ! More power to you Tiger !üëä https://t.co/SlGVOk8g6p
236,That‚Äôs so sweet twinkle ‚ù§Ô∏è https://t.co/nYLy8WexGW
237,Thank you üôèüèª wouldn‚Äôt work without encouragement and support . https://t.co/NfpWsOGf6J
238,üòÄ yay ! Thank you . Did some of my best steps with you . Have to do more ! https://t.co/U3JHKtHLcA
239,Thank you my friend . Such words help in fueling my drive . üôèüèª too kind https://t.co/5pNKJ1oHry
240,Happy birthday @avigowariker ! Keep making us look good n have a super year my friend :)
241,Proud of #TeamHRX for this initiative. Join us to walk the talk! https://t.co/aLnxnCOWyz
242,Thank you so much Abhishek :) https://t.co/z5md76EfQN
243,Entertainment is evergreen Siddharth. Thanks for your wishes https://t.co/2GFlLrkuDE
244,"Yup. It‚Äôs all in the writing . The credit goes entirely to Adi, Sid, Shridhar and Abbas. https://t.co/u0u4ZWOGUj"
245,"Hahaha.. Aditi, you've left me flattered! Sending you lots of love https://t.co/Sb9MJLh8HA"
246,"So far so good my friend. 
Thank you for always being so kind Riteish ü§ó https://t.co/dyjcBoGSW1"
247,@tweet2prashant I feel blessed to receive this kind of unconditional love üôèüèªüôèüèªüôèüèª
248,Thank you so much Rahul https://t.co/alV7PvPbSB
249,Nicest tweet ü§ó thanks . And I meant what I said :) https://t.co/5dp44KfVqU
250,So so encouraging for me. Kabir loves you all too üôèüèª https://t.co/Q99jGuw3ah
251,Wind beneath my wings . Thank you for all the cheer :) https://t.co/1FbydCEZbD
252,Thank you so much Mushtaq üôèüèª https://t.co/REAXQf84iQ
253,@rudrani_rudz Ha!  Love to you Rudrani üôÇ thank you
254,India can do it now üëäThank you for your kind words. https://t.co/XKtS8XdcFT
255,Thank you for loving Kabir and khalid Karmik :) https://t.co/gexejrtPO8
256,@DDevidasani Thank you üôèüèª
257,Thank you for making me stronger. Much love :) https://t.co/0PoAmK4uyA
258,You have all my heart Anamika :) Thank you for your love üôèüèª https://t.co/BHc6kEoKwR
259,"Haha looking good . 
Thank you for making Kabir one of you üôèüèª https://t.co/1msX474fjB"
260,Thank you Badshah! https://t.co/1sAyy5bPdF
261,A big hug from me to your daughter ü§ó very encouraging https://t.co/YOiHEoH6nk
262,"It‚Äôs the hardwork, love and passion o the entire team. Thank you on behalf of #TeamWar https://t.co/0K1Dqn5tS5"
263,This makes me happy. Hope you liked it a little more the second time :) https://t.co/9zUQuEReR1
264,Thank you Aftabüôèüèª https://t.co/BNK5ONh3CG
265,Hope you like it Vir. Many thanks üôèüèª https://t.co/a1tvFGDQ2d
266,"Looking forward to your take on #War, Sir. Humbled by your wishes üôèüèª https://t.co/0Lu0vEm6UX"
267,Thanks man üëçüèª https://t.co/7aYFnbbzb0
268,Thank you for the complementing words Anupama üôèüèª https://t.co/Vfj86xc7xu
269,"Coolest video ever ! @VishalDadlani u are a king ! Amazingly shot guys üëèüëèüëè 
https://t.co/DKxdFd3A0G"
270,This is so so heartening and encouraging !! I wanna say yay :) thank you üôèüèª and thank for bringing to light such in depth insights . https://t.co/BcDNOvhX3D
271,Well thank you. Guess everything is about getting into his mind. Understanding him. That was the major prep. Everything else is just a consequence of that https://t.co/afzxyzvFff
272,@KrazyGal92 @HrithikRules So so encouraging . Thank you
273,"@BeingTeJan @HrithikRules @yrf Hahahahaha. At the expense of seeming a little vain , I have to say this was ingenious . Couldn‚Äôt resist üòÇ"
274,@mimansashekhar @HrithikRules Sweetest. Thank you . Love you
275,Jackie Sir is a Parinda we all aspire to be! It's rewarding if I've even managed a fraction of his screen presence. https://t.co/wStkiIXcoD
276,You're too sweet Maddy! Thank you ü§ó https://t.co/zfU7UuBq4s
277,"Hahaha.. Thanks brother! No compromises on Samosas. Those were SUPER binging days.. Mangoes, dark chocolates &amp; magnums.... The Night King in me is now awake again I guess üôà https://t.co/NuMnNFc35J"
278,Yup. 20 years since the well packaged 'package' was delivered! I'm now focusing on unwrapping every bit with each film :) thanks for the motivation https://t.co/SjrjgdEg8Z
279,5 years to be precise Nikhil. It's always the script and character  that brings out the best / worst (no spoilers üòú) in me! https://t.co/pNneLLU5O7
280,Haha! Thanks for the SUPER support Shibasish! :) https://t.co/ZvzbeUfFCg
281,Ha. Your making me laugh. Thank you Shruti üôèüèª https://t.co/xs9hd1q9yw
282,Thank you Dad ‚ò∫ means a lot https://t.co/GZ4VnhSfUI
283,Okay now.. I'm blushing! Thank you Janice üôèüèª https://t.co/Koc9LA5TJY
284,Thanks Varun! Love you man https://t.co/BtcqJalFZX
285,A big THANK YOU. https://t.co/TUzyXq8P8H
286,üôèüèª thank you https://t.co/bnE4GzqEjD
287,Can‚Äôt wait for you to see it Vidya :) and happy belated birthday to you ! https://t.co/kEGPeJ8UmT
288,Thank you Sir üôèüèª https://t.co/12p7iR9kZX
289,‚Ä¶and I need to see you and give you a hug. Thank you for being so incredibly kind to me always . Love you.  ü§ó https://t.co/io67cAphas
290,"The credit for this goes to Sid, Vishal, Shekhar and Benny. And nothing works without Tiger . Incredible team work :) https://t.co/WRGKYxwGnu"
291,Thanks for vote of confidence üëçüèª https://t.co/X3Bw6b1aIJ
292,Thank you for taking time out to watch #War. So glad that you and your family enjoyed our work :) https://t.co/9QAqg45vyh
293,Thank you so much for the encouragement ! There's still miles to go.. https://t.co/ug7izN78Hf
294,Sometimes a critic captures in words what creative people behind the work keep feeling throughout but aren‚Äôt able to nail in terms of language. Thank you for putting it across so articulately. A special one !! https://t.co/tWOc68TWdv
295,You've forever been a well-wisher! Thanks Ram. https://t.co/q3vU7uTDmJ
296,Thank you Sudheer :) https://t.co/WqP3aLVixr
297,Too sweet man üëç https://t.co/a6Uw3YBAZz
298,Let us know if ...Apna time aagaya? üòâ https://t.co/iYtMzbElWu
299,I'm no God Milap.. Just a student of cinema. I'm so happy to receive your kind support. Thank you üôèüèª https://t.co/weOPkgUfVm
300,... Just like our friendship is permanent Goldie! Thank you ü§ó https://t.co/yhsuIBFnZH
301,Thank you Siddharth :) https://t.co/FX1f4y0elz
302,Thank you Vaibhavi... Happy to see you not critique my dance üòÖ https://t.co/WuOgrrMckf
303,Thank you dear Warda. https://t.co/Kii3DX5Dfb
304,As actors.. Action is our Dharma Apoorva! ;) https://t.co/8lPIYx2WAM
305,Ha. Thanks man. That‚Äôs all sid https://t.co/8ivDp4VoA7
306,Thanks Punit! https://t.co/a81kWTvSbi
307,Your words are hugely encouraging üôÇ https://t.co/XkImjdudE6
308,This is a towering compliment. Thank you üôèüèª https://t.co/qB8W4uBjWQ
309,And you are generous with your love Faridoon. Thank you for the disclaimer ;) https://t.co/DpVY1cCXjK
310,Thrilled by your feedback üôÇ https://t.co/HJVvNOoUgt
311,I agree Ramesh. Tiger brings out the best in me üôå https://t.co/WrMqAVJpde
312,"I promise to set the bar higher for myself the next time Rohit. Your words mean a lot, thank you  üôèüèª https://t.co/QwSzjmtkwG"
313,Thank you for your kind words Anand :) https://t.co/eckvl2alZs
314,Everything has to be fair in #War ;) watching Tiger as Khalid only makes me proud. He is phenomenal. https://t.co/biqKDXr2MY
315,Glad you enjoyed it Suparno! https://t.co/aDTlvOFvd1
316,Thank you so much üôèüèª https://t.co/1tI4PCkZsu
317,Thank you Joginder https://t.co/0D0W6yBjkz
318,Happy to see #TeamHrithik joining the #War in full force! https://t.co/u7f9ioKcHv
319,What makes #War bigger is all your love. https://t.co/Y5egFFTryv
320,‡§¨‡§π‡•Å‡§§ ‡§ß‡§®‡•ç‡§Ø‡§µ‡§æ‡§¶ ‡§Ü‡§™‡§ï‡§æ ‡§∏‡§∞ üôèüèª https://t.co/J94vTC7l76
321,‡§Ü‡§™‡§ï‡§æ ‡§™‡•ç‡§∞‡•á‡§Æ ‡§Æ‡•á‡§∞‡•á ‡§¶‡§ø‡§≤ ‡§ï‡•ã ‡§õ‡•Ç ‡§ó‡§Ø‡§æ‡•§ ‡§¨‡§π‡•Å‡§§ ‡§¨‡§π‡•Å‡§§ ‡§ß‡§®‡•ç‡§Ø‡§µ‡§æ‡§¶ üôèüèª https://t.co/7eDvtWarES
322,My heart goes out to the people of Patna who have been battling floods caused by torrential rain since almost a week now. I hope the situation gets better there soon.
323,"Yeh ‡§≠‡§Ç‡§ó‡§°‡§º‡§æ hai janaab! India te ‡§á‡§Ç‡§°‡§ø‡§Ø‡§æ waalon di shaan hai! üï∫üèª
Presenting the official trailer of #BhangraPaaLe: https://t.co/efRnPqySLP  
@sunnykaushal89 @RuksharDhillon @ShriyaP @SnehaTaurani @RonnieScrewvala @RSVPMovies @ipritamofficial @jam8studio @musicbyrr @shubhshivdasani"
324,"Hi Guys! I have a personal request to make. We have made #WAR with a lot of hard work, blood, sweat and love. Please protect our spoilers when you see the film because it will immensely add to everyone‚Äôs movie watching experience. Trusting you all with this."
325,"#TeamHrithik are you ready for #WAR? Book your tickets at: https://t.co/vfXPacPddT + https://t.co/xRoVUP99KH

#WarReleasingTomorrow  @iTIGERSHROFF @Vaaniofficial #SiddharthAnand @yrf https://t.co/d2UZPWQrwo"
326,"RT @BeCureFit: Workout like a superhero with celebrity workouts &amp; more at https://t.co/PDwHEu0KpH, inspired by the heroes you see onscreen.‚Ä¶"
327,Fav line. I just had to! https://t.co/aM5nlSQ3sh
328,"RT @yrf: The #WAR of punchlines isn‚Äôt over yet! Laugh out loud with @iHrithik, @Vaaniofficial &amp; @iTIGERSHROFF on #TheKapilSharmaShow, TONIG‚Ä¶"
329,"RT @yrf: #WAR special weekend continues on #NachBaliye9. Watch @iHrithik, @Vaaniofficial &amp; @iTIGERSHROFF TONIGHT at 8 PM on @StarPlus. #Sid‚Ä¶"
330,"Don't miss a weekend filled with laughter #WAR on #TheKapilSharmaShow. Join in the fun with us, tonight &amp; tomorrow at 9.30 PM on @SonyTV. | @Vaaniofficial @iTIGERSHROFF #SiddharthAnand @yrf #HrithikvsTiger #TeamHrithik https://t.co/3qoeeXYu6R"
331,This weekend is all about some dance #WAR on #NachBaliye9. Don't forget to watch us tonight &amp; tomorrow at 8 PM on @StarPlus | @Vaaniofficial @iTIGERSHROFF #SiddharthAnand @yrf  #HrithikvsTiger #TeamHrithik https://t.co/LT2D1qu8VD
332,Our kind of riot before the War! Laughter is indeed the best medicine. #TheKapilSharmaShow #WAR #TeamHrithik #HrithikvsTiger @iTIGERSHROFF @Vaaniofficial @yrf https://t.co/uzGfo08iUw
333,RT @yrf: Watch #WAR in multi-sensory 4DX cinema experience at @voxcinemas in UAE. Book your tickets here: https://t.co/yQRBWIZqvQ @4DXgloba‚Ä¶
334,Aaahahaha! Amazing . Hope you guys enjoy it ! Love ! https://t.co/14ti5qEu7f
335,Laughing fits...I have missed you. https://t.co/aIoiNvk3Tz
336,Mood hai ‡§≠‡§Ø‡§Ç‡§ï‡§∞? Nach baliye ‡§ú‡§Æ‡§ï‡§∞! #WAR #October2 #HrithikvsTiger #TeamHrithik https://t.co/vRv8TyUVXM
337,"Book your seats.. Hook your belts.. Look forward.. It's #WAR time! #TeamHrithik get hold of your tickets here: https://t.co/jgoDnyOJk6  @iTIGERSHROFF @Vaaniofficial
#SiddharthAnand #HrithikvsTiger @yrf https://t.co/ROZg6770pL"
338,"It‚Äôs your time.. To join us.. It's #War time! Advance Bookings are now open! Book your tickets here: https://t.co/1k3oYf3rEM #TeamHrithik @iTIGERSHROFF @Vaaniofficial
#SiddharthAnand #HrithikvsTiger @yrf https://t.co/stMBWepXd6"
339,"Congratulations on being felicitated with the Dadasaheb Phalke Award @SrBachchan Amit uncle, Sir , you have indeed inspired generations with your diverse works. Like I say, there is a little bit of you in each one of us. Love and respect always üôèüèª"
340,Get ready to get the best seats because #WAR Advance Bookings open on 27th September! #TeamHrithik @iTIGERSHROFF @Vaaniofficial #SiddharthAnand #HrithikvsTiger @yrf https://t.co/g4IKcaPOhd
341,Advance Bookings open on 27th September! Ready #TeamHrithik? @iTIGERSHROFF @Vaaniofficial #SiddharthAnand #HrithikvsTiger @yrf https://t.co/uFny3no62b
342,"#TeamHrithik, ready to show #TeamTiger who‚Äôs more excited about #WAR? Advance Bookings open on 27th September! @iTIGERSHROFF @Vaaniofficial #SiddharthAnand #HrithikvsTiger @yrf https://t.co/vtionQt2SX"
343,RT @yrf: #TeamHrithik or #TeamTiger - Whose side are you on for this #WAR? In cinemas on 2nd Oct. @iHrithik @iTIGERSHROFF @Vaaniofficial #S‚Ä¶
344,"Like she says, the calm before the WAR ;) https://t.co/KGrjHWQr2d"
345,@kamaalrkhan @iTIGERSHROFF Thank you Kamaal bhai
346,"@SubhashGhai1 @Whistling_Woods Thank you Sir for your kind words. I throughly enjoyed myself at the session, it was a joy interacting with the students and sharing my experience with them."
347,"@meghnaghaipuri @salaambaalakngo @Whistling_Woods You guys are doing some tremendous work Meghna, congratulations and thank you for having me."
348,@gurruchoudhary Kya baat hai! Fab
349,@Hiba_Azad Kyun nahin kar sakte. I am Team Tiger on and off screen ;)
350,@MyselfPa1 It makes me happy to see our audience notice the minute details in our characters.
351,Thanks Vicky! I hope our songs are rocking your station too ;) https://t.co/xOtphSrnVc
352,Happy to be considered worthy of being in company of some tremendous dancers. Thank you Bharathi. https://t.co/hwTkAEJFda
353,Just 9 more days! :) https://t.co/VET2NBFHJP
354,"Picture abhi baaki hai, hope we we give a lot more ‚Äòseeti bajao‚Äô moments ;) https://t.co/B4jlZ8Vkic"
355,Your desi thumkas in Dhagala Lagali were no less. üî• https://t.co/MPOrRvZVC6
356,Can‚Äôt wait for you to see it  üòÑ https://t.co/NQrD8BCyVb
357,Too sweet. Thank you Salil https://t.co/TTXtXlFlXE
358,Just having a lot of fun Tanuj :) https://t.co/T9oCkFjwiX
359,Thank you for your contribution to our film. üëè https://t.co/ajYry2z7Kq
360,Am glad that the fun we had on sets while has translated well on screen. Thank you Prabal :) https://t.co/yLC00pD6lH
361,But nobody can match your smooth moves and grooves Karan üòú Love you ü§ó https://t.co/7xeEQJ1kcr
362,Thank you mere dost and Huge Congratulations for Gully Boy - so excited for you and Zo. üëèüëè https://t.co/JLe3M5CKuQ
363,Thank you for always supporting us Sir. https://t.co/X0sCSxE8tk
364,Thank you so much for such lovely words :) https://t.co/Y28dlNoYoJ
365,Sab kuch likha hua hai ;) https://t.co/YzODOn9hQ8
366,Always fun catching up with you sid . Thank you for the kind words and fun interview session. https://t.co/K03QSkvSsI
367,Thank you Sophie. ü§ó https://t.co/dj3qWeQySA
368,RT @yrf: The countdown has begun! Gear up to watch @iHrithik vs @iTIGERSHROFF in #WAR on 2nd Oct. #TeamHrithik or #TeamTiger - Picked your‚Ä¶
369,RT @yrf: Turn üÜô the sound and naacho hero banke because #JaiJaiShivshankar song has crossed 22 MILLION VIEWS!üíÉ https://t.co/03IZFheLIw @iHr‚Ä¶
370,@sujoy_g Hahahahaha mad. Love u man
371,"RT @RelianceEnt: Ab shuru hoga revolution! Watch #Super30 on @StarGoldIndia and @StarPlus today at 1 PM.

@iHrithik @mrunal0801 @nandishsan‚Ä¶"
372,"RT @StarPlus: Ab har insaan padhega aur badhega....

Don't miss the World Television Premiere of #Super30onTV, Tomorrow at 1pm only on Star‚Ä¶"
373,"Dance, music and a whole lot of colour! Here‚Äôs #JaiJaiShivaShankar. @iTIGERSHROFF @Vaaniofficial‚Äã ‚Äã @VishalDadlani‚Äã ‚Äã@ShekharRavjiani‚Äã ‚Äã @Benny_Dayal @AzizNakash #ChaitanyaPrasad ‚Äã‚Äã‚Äã@BoscoMartis‚Äã ‚Äã@csgonsalves #SiddharthAnand ‚Äã#HrithikVsTiger @yrf 

https://t.co/oWHbEAtXqU https://t.co/P1TBGJTmd0"
374,"Bring on your best moves, #TeamHrithik! #JaiJaiSivaSankaraa song is here! @iTIGERSHROFF @Vaaniofficial‚Äã ‚Äã@VishalDadlani‚Äã ‚Äã@ShekharRavjiani‚Äã ‚Äã @Benny_Dayal @AzizNakash @madhankarky‚Äã ‚Äã‚Äã‚Äã@BoscoMartis‚Äã ‚Äã@csgonsalves ‚Äã‚Äã#SiddharthAnand #WAR‚Äã ‚Äã#HrithikVsTiger‚Äã

https://t.co/QfrhAfpwyB https://t.co/33vOYtzCmI"
375,".@iTIGERSHROFF Party our hearts out before the #WAR? Always a good idea! #TeamHrithik join in üï∫üèª #JaiJaiShivshankar  ‚Äã@VishalDadlani‚Äã ‚Äã@ShekharRavjiani‚Äã ‚Äã @Benny_Dayal #Kumaar @BoscoMartis‚Äã ‚Äã@csgonsalves ‚Äã#SiddharthAnand #WAR‚Äã ‚Äã#HrithikVsTiger‚Äã 

https://t.co/YpgjugidZl https://t.co/TyAs10Fd6W"
376,"It‚Äôs almost time for #JaiJaiShivshankar! SONG OUT TODAY at 10 AM on https://t.co/d7cCZ3RiPa 

@iTIGERSHROFF @Vaaniofficial @VishalDadlani @ShekharRavjiani @Benny_Dayal #Kumaar @BoscoMartis @csgonsalves #SiddharthAnand #HrithikVsTiger @yrf"
377,"RT @yrf: Excitement Level üíØ
#TeamHrithik &amp; #TeamTiger get ready to celebrate with #JaiJaiShivshankar SONG OUT TODAY at 10 amüòéüï∫üèª 
@iHrithik‚Ä¶"
378,The Super love from my audience keeps me Super strong. Thank you @StarGoldIndia for introducing me to each one of them. https://t.co/ssCktRItL6
379,"Mood hai ‡§≠‡§Ø‡§Ç‡§ï‡§∞ ! #JaiJaiShivShankar
Song out Tom. https://t.co/m9HIQoJebd"
380,RT @yrf: .@iHrithik &amp; @iTIGERSHROFF are coming together to set the dance floor on fire! #TeamHrithik &amp; #TeamTiger gear up to celebrate with‚Ä¶
381,"Take a bow @stargoldindia for reaching ground zero in delivering #Super30 edutainment, across cities through the 'Super 30 Express'. 

Catch the World Television Premiere on 22nd Sept at 1 PM only on @stargoldindia &amp; @starplus https://t.co/AhMry3N7O6"
382,RT @RelianceEnt: The haqdaars are making their way to the small screen! Watch #Super30 on @StarGoldIndia and @StarPlus on September 22 at 1‚Ä¶
383,This #WAR is fun and funny üòÜ https://t.co/ilGSeljZzA
384,#WAR promotions - Day 2. #HrithikvsTiger https://t.co/SkMSxoxAvQ
385,RT @RelianceEnt: Make way for the most inspiring film of the year! Watch #Super30 on @StarGoldIndia and @StarPlus on September 22 at 1 PM.‚Ä¶
386,RT @RelianceEnt: .@teacheranand‚Äôs incredible story is coming to the small screens! Watch #Super30 on @StarGoldIndia and @StarPlus on Sept 2‚Ä¶
387,"These folks are definitely unbeatable!! Not only do they have me speechless with their dance, but I'm in awe of their spirit to dream &amp; achieve. More power to you'll @v_unbeatable. Keep shining and good luck for the finals. https://t.co/8ASjMvH22B"
388,#WAR promotions - Day 1  #HrithikvsTiger https://t.co/Av62aQMfT6
389,Damn! I thought @iTIGERSHROFF and I were racing pulses on our two wheelers. But this girl steals the show with her wheel &amp; will! Take a bow @Vaaniofficial #TeamVaani https://t.co/aGndTbgY77
390,‡§Ü ‡§∞‡§π‡•á ‡§π‡•à‡§Ç ‡§π‡§Æ ‡§∏‡§¨‡§∏‡•á ‡§≤‡§Ç‡§¨‡§æ ‡§õ‡§≤‡§æ‡§Ç‡§ó ‡§≤‡§ó‡§æ‡§®‡•á 22nd September at 1 PM only on @starplus and @stargoldindia @super30film @mrunal0801 @nandishsandhu #Super30WorldTvPremiere https://t.co/vb8OIuyLTV
391,Congratulations Dr. Haribhakti on the launch of your book ‚ÄúA Journey Forever‚Äù wish you even greater success with this one. Can‚Äôt wait to read it. God bless https://t.co/oxQUlizmkx
392,Super Sweet ü§ó.  New range on its way to her :) https://t.co/bobM9aV7jH
393,"I cant stop smiling at the innocence of this. All the best  https://t.co/DytjWgpsfG 
Presenting the Song #TumMeriHo featuring #KRK and #Aayra! Music by #DJShezwood. Lyrics by #KRK! @Kamaalrkhan Directed by #NitishChandra!"
394,Abb meri baari hai 'May I come in' bolne ki. Keep your doors open on 22nd September for a class of #Super30 https://t.co/uBIPwZ31T4
395,Happy birthday @ayushmannk and congrats on Dreamgirl having a dream run at the box office ! Wish you the best my friend ! Love always
396,What are your plans for next Sunday? Let's catch up.
397,@rohitroy500 @YouTube Thanks for the love my man! See you at the final showdown on 2nd Oct üòâ
398,@_SanjayGupta Ha ha.. dunno if Bosco would agree :) but I must pass on the credit to Sid and bosco. They‚Äôv manifested it somehow
399,@iamark_30 @yrf Fantastic!!
